timestamp,type,frame_prev,frame_curr,Total entries,Entered,Exit
2026-04-07 02:11:17,ENTRY,frame_000012.jpg,frame_000014.jpg,1,1,0
2026-04-07 02:11:42,ENTRY,frame_000040.jpg,frame_000042.jpg,1,1,0
2026-04-07 02:12:03,EXIT,frame_000050.jpg,frame_000052.jpg,0,0,1
2026-04-07 02:12:48,ENTRY,frame_000010.jpg,frame_000012.jpg,1,1,0
2026-04-07 02:12:49,EXIT,frame_000014.jpg,frame_000016.jpg,0,1,1
2026-04-07 02:13:13,EXIT,frame_000028.jpg,frame_000030.jpg,0,0,1
2026-04-07 02:14:03,EXIT,frame_000020.jpg,frame_000022.jpg,0,0,1
2026-04-07 02:14:08,ENTRY,frame_000064.jpg,frame_000066.jpg,1,1,1
2026-04-07 02:15:07,ENTRY,frame_000008.jpg,frame_000010.jpg,1,1,0
2026-04-07 02:15:33,ENTRY,frame_000018.jpg,frame_000020.jpg,1,1,0
2026-04-07 02:15:56,EXIT,frame_000016.jpg,frame_000018.jpg,0,0,1
2026-04-07 02:16:32,EXIT,frame_000128.jpg,frame_000130.jpg,0,0,1
2026-04-07 02:16:43,ENTRY,frame_000022.jpg,frame_000024.jpg,1,1,0
2026-04-07 02:17:32,ENTRY,frame_000006.jpg,frame_000008.jpg,1,1,0
2026-04-07 02:17:36,ENTRY,frame_000042.jpg,frame_000044.jpg,2,2,0
2026-04-07 02:18:00,EXIT,frame_000038.jpg,frame_000040.jpg,0,0,1
2026-04-07 02:18:24,ENTRY,frame_000022.jpg,frame_000024.jpg,1,1,0
2026-04-07 02:18:50,ENTRY,frame_000010.jpg,frame_000012.jpg,1,1,0
2026-04-07 02:19:14,EXIT,frame_000012.jpg,frame_000014.jpg,0,0,1
2026-04-07 02:19:40,ENTRY,frame_000034.jpg,frame_000036.jpg,1,1,0
2026-04-07 02:20:02,EXIT,frame_000010.jpg,frame_000012.jpg,0,0,1
2026-04-07 02:20:52,EXIT,frame_000018.jpg,frame_000020.jpg,0,0,1
2026-04-07 02:21:02,EXIT,frame_000104.jpg,frame_000106.jpg,0,0,2
2026-04-07 02:21:16,EXIT,frame_000018.jpg,frame_000020.jpg,0,0,1
2026-04-07 02:21:26,ENTRY,frame_000112.jpg,frame_000114.jpg,1,1,1
2026-04-07 02:21:40,ENTRY,frame_000016.jpg,frame_000018.jpg,1,1,0
2026-04-07 02:22:05,EXIT,frame_000022.jpg,frame_000024.jpg,0,0,1
2026-04-07 02:22:23,ENTRY,frame_000004.jpg,frame_000006.jpg,1,1,0
2026-04-07 02:22:34,ENTRY,frame_000114.jpg,frame_000116.jpg,2,2,0
2026-04-07 02:22:37,ENTRY,frame_000134.jpg,frame_000136.jpg,3,3,0
2026-04-07 02:22:38,ENTRY,frame_000150.jpg,frame_000152.jpg,4,4,0
2026-04-07 02:22:47,ENTRY,frame_000014.jpg,frame_000016.jpg,1,1,0
2026-04-07 02:22:49,ENTRY,frame_000034.jpg,frame_000036.jpg,2,2,0
2026-04-07 02:23:14,EXIT,frame_000048.jpg,frame_000050.jpg,0,0,1
2026-04-07 02:23:35,EXIT,frame_000020.jpg,frame_000022.jpg,0,0,1
2026-04-07 02:23:53,EXIT,frame_000194.jpg,frame_000196.jpg,0,0,2
2026-04-07 02:23:55,EXIT,frame_000212.jpg,frame_000214.jpg,0,0,3
2026-04-07 02:24:24,EXIT,frame_000056.jpg,frame_000058.jpg,0,0,1
2026-04-07 02:24:49,ENTRY,frame_000050.jpg,frame_000052.jpg,1,1,0
2026-04-07 02:24:51,ENTRY,frame_000064.jpg,frame_000066.jpg,2,2,0
2026-04-07 02:25:04,ENTRY,frame_000186.jpg,frame_000188.jpg,3,3,0
2026-04-07 02:25:57,ENTRY,frame_000206.jpg,frame_000208.jpg,1,1,0
2026-04-07 02:26:03,ENTRY,frame_000036.jpg,frame_000038.jpg,1,1,0
2026-04-07 02:26:04,ENTRY,frame_000046.jpg,frame_000048.jpg,2,2,0
2026-04-07 02:26:25,EXIT,frame_000016.jpg,frame_000018.jpg,0,0,1
2026-04-07 02:26:36,EXIT,frame_000126.jpg,frame_000128.jpg,0,0,2
2026-04-07 02:27:11,EXIT,frame_000016.jpg,frame_000018.jpg,0,0,1
2026-04-07 02:27:38,EXIT,frame_000028.jpg,frame_000030.jpg,0,0,1
2026-04-07 02:28:48,ENTRY,frame_000048.jpg,frame_000050.jpg,1,1,0
2026-04-07 02:29:14,EXIT,frame_000050.jpg,frame_000052.jpg,0,0,1
2026-04-07 02:29:43,EXIT,frame_000080.jpg,frame_000082.jpg,0,0,1
2026-04-07 02:29:54,ENTRY,frame_000004.jpg,frame_000006.jpg,1,1,0
2026-04-07 02:30:02,ENTRY,frame_000086.jpg,frame_000088.jpg,2,2,0
2026-04-07 02:30:18,ENTRY,frame_000020.jpg,frame_000022.jpg,1,1,0
2026-04-07 02:30:25,EXIT,frame_000090.jpg,frame_000092.jpg,0,1,1
2026-04-07 02:30:44,ENTRY,frame_000036.jpg,frame_000038.jpg,1,1,0
2026-04-07 02:31:32,EXIT,frame_000016.jpg,frame_000018.jpg,0,0,1
2026-04-07 02:31:47,EXIT,frame_000158.jpg,frame_000160.jpg,0,0,2
2026-04-07 02:31:53,EXIT,frame_000004.jpg,frame_000006.jpg,0,0,1
2026-04-07 02:32:18,ENTRY,frame_000030.jpg,frame_000032.jpg,1,1,0
2026-04-07 02:32:31,ENTRY,frame_000148.jpg,frame_000150.jpg,2,2,0
2026-04-07 02:32:37,ENTRY,frame_000204.jpg,frame_000206.jpg,3,3,0
2026-04-07 02:33:06,EXIT,frame_000036.jpg,frame_000038.jpg,0,0,1
2026-04-07 02:33:07,EXIT,frame_000038.jpg,frame_000040.jpg,0,0,2
2026-04-07 02:33:50,ENTRY,frame_000010.jpg,frame_000012.jpg,1,1,0
2026-04-07 02:34:38,ENTRY,frame_000022.jpg,frame_000024.jpg,1,1,0
2026-04-07 02:35:28,ENTRY,frame_000022.jpg,frame_000024.jpg,1,1,0
2026-04-07 02:35:47,ENTRY,frame_000014.jpg,frame_000016.jpg,1,1,0
2026-04-07 02:36:12,ENTRY,frame_000024.jpg,frame_000026.jpg,1,1,0
2026-04-07 02:36:15,ENTRY,frame_000044.jpg,frame_000046.jpg,2,2,0
2026-04-07 02:36:16,ENTRY,frame_000054.jpg,frame_000056.jpg,3,3,0
2026-04-07 02:36:39,EXIT,frame_000050.jpg,frame_000052.jpg,0,0,1
2026-04-07 02:37:01,ENTRY,frame_000014.jpg,frame_000016.jpg,1,1,0
2026-04-07 02:37:58,EXIT,frame_000084.jpg,frame_000086.jpg,0,0,1
2026-04-07 02:38:40,ENTRY,frame_000048.jpg,frame_000050.jpg,1,1,0
2026-04-07 02:38:43,ENTRY,frame_000080.jpg,frame_000082.jpg,2,2,0
2026-04-07 02:39:03,EXIT,frame_000030.jpg,frame_000032.jpg,0,0,1
2026-04-07 02:39:05,EXIT,frame_000048.jpg,frame_000050.jpg,0,0,2
2026-04-07 02:39:27,ENTRY,frame_000020.jpg,frame_000022.jpg,1,1,0
2026-04-07 02:40:15,EXIT,frame_000026.jpg,frame_000028.jpg,0,0,1
2026-04-07 02:40:40,ENTRY,frame_000032.jpg,frame_000034.jpg,1,1,0
2026-04-07 02:41:02,ENTRY,frame_000026.jpg,frame_000028.jpg,1,1,0
2026-04-07 02:41:22,EXIT,frame_000210.jpg,frame_000212.jpg,0,1,1
2026-04-07 02:41:33,EXIT,frame_000078.jpg,frame_000080.jpg,0,0,1
2026-04-07 02:42:17,ENTRY,frame_000016.jpg,frame_000018.jpg,1,1,0
2026-04-07 02:42:39,EXIT,frame_000014.jpg,frame_000016.jpg,0,0,1
2026-04-07 02:42:50,ENTRY,frame_000116.jpg,frame_000118.jpg,1,1,1
2026-04-07 02:43:24,ENTRY,frame_000004.jpg,frame_000006.jpg,1,1,0
2026-04-07 02:43:48,ENTRY,frame_000022.jpg,frame_000024.jpg,1,1,0
2026-04-07 02:44:10,ENTRY,frame_000224.jpg,frame_000226.jpg,2,2,0
2026-04-07 02:44:37,EXIT,frame_000026.jpg,frame_000028.jpg,0,0,1
2026-04-07 02:45:01,ENTRY,frame_000034.jpg,frame_000036.jpg,1,1,0
2026-04-07 02:45:21,ENTRY,frame_000010.jpg,frame_000012.jpg,1,1,0
2026-04-07 02:45:41,ENTRY,frame_000010.jpg,frame_000012.jpg,1,1,0
2026-04-07 02:46:02,ENTRY,frame_000016.jpg,frame_000018.jpg,1,1,0
2026-04-07 02:46:25,ENTRY,frame_000016.jpg,frame_000018.jpg,1,1,0
2026-04-07 02:46:56,EXIT,frame_000084.jpg,frame_000086.jpg,0,0,1
2026-04-07 02:47:10,ENTRY,frame_000018.jpg,frame_000020.jpg,1,1,0
2026-04-07 02:47:29,EXIT,frame_000006.jpg,frame_000008.jpg,0,0,1
2026-04-07 02:47:37,EXIT,frame_000084.jpg,frame_000086.jpg,0,0,2
2026-04-07 02:47:57,EXIT,frame_000032.jpg,frame_000034.jpg,0,0,1
2026-04-07 02:48:20,ENTRY,frame_000034.jpg,frame_000036.jpg,1,1,0
2026-04-07 02:48:22,ENTRY,frame_000048.jpg,frame_000050.jpg,2,2,0
2026-04-07 02:48:40,ENTRY,frame_000024.jpg,frame_000026.jpg,1,1,0
2026-04-07 02:49:09,ENTRY,frame_000034.jpg,frame_000036.jpg,1,1,0
2026-04-07 02:49:42,EXIT,frame_000074.jpg,frame_000076.jpg,0,0,1
2026-04-07 02:50:11,EXIT,frame_000098.jpg,frame_000100.jpg,0,0,1
